{
    "avg_flux_time (ns)": 13.788095238095238,
    "err_flux_time (ns)": 1.1445741249921575,
    "flux_times": [
        1270000,
        840000,
        1600000,
        790000,
        960000,
        2400000,
        2150000,
        1360000,
        430000,
        1870000,
        840000,
        990000,
        4080000,
        1530000,
        1750000,
        730000,
        1230000,
        800000,
        2080000,
        1480000,
        730000,
        820000,
        910000,
        730000,
        550000,
        1370000,
        730000,
        900000,
        800000,
        700000,
        1050000,
        510000,
        980000,
        1390000,
        1070000,
        2740000,
        950000,
        2890000,
        5780000,
        1070000,
        1130000,
        390000,
        1780000,
        450000,
        510000,
        1220000,
        800000,
        4070000,
        740000,
        520000,
        850000,
        1240000,
        660000,
        1880000,
        2330000,
        670000,
        4210000,
        430000,
        320000,
        1640000,
        1080000,
        1080000,
        1040000,
        1350000,
        800000,
        1850000,
        810000,
        4380000,
        870000,
        2080000,
        650000,
        900000,
        1620000,
        880000,
        830000,
        510000,
        1270000,
        2120000,
        1430000,
        3200000,
        350000,
        590000,
        3940000,
        500000
    ]
}