{
    "avg_flux_time (ns)": 11.422857142857143,
    "err_flux_time (ns)": 0.986906598343299,
    "flux_times": [
        560000,
        1630000,
        1420000,
        1010000,
        2270000,
        1260000,
        1520000,
        1120000,
        880000,
        810000,
        1310000,
        1170000,
        1240000,
        1060000,
        890000,
        910000,
        980000,
        1020000,
        340000,
        940000,
        1770000,
        830000,
        3390000,
        480000,
        960000,
        1370000,
        1000000,
        930000,
        590000,
        1620000,
        850000,
        340000,
        1750000,
        370000,
        1390000
    ]
}