{
    "avg_flux_time (ns)": 7.112903225806452,
    "err_flux_time (ns)": 0.3217759548592984,
    "flux_times": [
        210000,
        650000,
        870000,
        2800000,
        370000,
        340000,
        320000,
        1130000,
        910000,
        540000,
        790000,
        1620000,
        510000,
        910000,
        760000,
        740000,
        570000,
        550000,
        510000,
        830000,
        840000,
        520000,
        920000,
        1770000,
        470000,
        860000,
        810000,
        770000,
        370000,
        810000,
        770000,
        880000,
        320000,
        1050000,
        1510000,
        630000,
        970000,
        460000,
        630000,
        790000,
        320000,
        890000,
        1170000,
        470000,
        630000,
        700000,
        860000,
        640000,
        430000,
        1180000,
        260000,
        920000,
        370000,
        1200000,
        270000,
        270000,
        160000,
        940000,
        490000,
        670000,
        300000,
        1070000,
        330000,
        590000,
        530000,
        890000,
        310000,
        810000,
        810000,
        480000,
        330000,
        180000,
        780000,
        1210000,
        570000,
        1030000,
        930000,
        560000,
        290000,
        570000,
        620000,
        1350000,
        990000,
        710000,
        930000,
        430000,
        300000,
        260000,
        1010000,
        490000,
        470000,
        1250000,
        310000,
        530000,
        840000,
        950000,
        590000,
        960000,
        1120000,
        770000,
        680000,
        410000,
        340000,
        360000,
        1320000,
        1020000,
        690000,
        1750000,
        390000,
        670000,
        380000,
        530000,
        530000,
        630000,
        760000,
        530000,
        950000,
        290000,
        940000,
        660000,
        1200000,
        400000,
        510000,
        950000,
        630000,
        1240000,
        530000,
        460000,
        910000,
        950000,
        390000,
        900000,
        150000,
        190000,
        530000,
        2500000,
        90000,
        180000,
        260000,
        350000,
        440000,
        440000,
        1130000,
        330000,
        590000,
        640000,
        530000,
        570000,
        1430000,
        750000,
        1160000,
        980000,
        820000,
        360000,
        560000
    ]
}