{
    "avg_flux_time (ns)": 9.521052631578947,
    "err_flux_time (ns)": 0.91608168847193,
    "flux_times": [
        1070000,
        1640000,
        940000,
        800000,
        470000,
        660000,
        1210000,
        730000,
        430000,
        1350000,
        430000,
        820000,
        520000,
        1620000,
        930000,
        440000,
        1370000,
        1260000,
        1070000,
        1230000,
        1390000,
        970000,
        1000000,
        3520000,
        890000,
        960000,
        410000,
        850000,
        1330000,
        1220000,
        640000,
        980000,
        930000,
        460000,
        240000,
        530000,
        490000,
        380000
    ]
}