{
    "avg_flux_time (ns)": 5.210094637223975,
    "err_flux_time (ns)": 0.11830335056244794,
    "flux_times": [
        370000,
        710000,
        830000,
        330000,
        220000,
        350000,
        810000,
        750000,
        130000,
        750000,
        400000,
        320000,
        560000,
        270000,
        690000,
        330000,
        250000,
        280000,
        1440000,
        470000,
        530000,
        240000,
        870000,
        180000,
        1320000,
        390000,
        790000,
        410000,
        190000,
        470000,
        420000,
        450000,
        590000,
        270000,
        570000,
        240000,
        520000,
        530000,
        670000,
        380000,
        1360000,
        190000,
        230000,
        440000,
        570000,
        290000,
        630000,
        960000,
        470000,
        560000,
        720000,
        610000,
        160000,
        720000,
        220000,
        410000,
        340000,
        500000,
        240000,
        1180000,
        240000,
        560000,
        350000,
        390000,
        90000,
        1100000,
        930000,
        630000,
        1290000,
        760000,
        170000,
        610000,
        1690000,
        390000,
        670000,
        320000,
        170000,
        690000,
        150000,
        840000,
        560000,
        340000,
        270000,
        560000,
        520000,
        400000,
        500000,
        170000,
        780000,
        410000,
        1680000,
        780000,
        640000,
        1200000,
        410000,
        230000,
        1280000,
        610000,
        540000,
        420000,
        170000,
        840000,
        400000,
        690000,
        1110000,
        1130000,
        420000,
        230000,
        400000,
        300000,
        650000,
        380000,
        330000,
        620000,
        700000,
        280000,
        180000,
        1150000,
        520000,
        920000,
        230000,
        250000,
        530000,
        740000,
        320000,
        180000,
        310000,
        840000,
        290000,
        1020000,
        210000,
        830000,
        480000,
        1540000,
        270000,
        370000,
        600000,
        450000,
        660000,
        190000,
        850000,
        370000,
        400000,
        790000,
        470000,
        190000,
        320000,
        690000,
        230000,
        640000,
        690000,
        450000,
        440000,
        1110000,
        680000,
        390000,
        370000,
        760000,
        660000,
        940000,
        920000,
        200000,
        470000,
        560000,
        300000,
        750000,
        260000,
        400000,
        160000,
        930000,
        530000,
        300000,
        250000,
        270000,
        810000,
        600000,
        1180000,
        410000,
        1120000,
        670000,
        230000,
        340000,
        620000,
        470000,
        1140000,
        260000,
        470000,
        770000,
        200000,
        950000,
        530000,
        360000,
        620000,
        560000,
        310000,
        1100000,
        360000,
        350000,
        340000,
        1040000,
        790000,
        460000,
        490000,
        350000,
        950000,
        450000,
        630000,
        280000,
        810000,
        130000,
        1400000,
        290000,
        530000,
        290000,
        240000,
        190000,
        480000,
        170000,
        570000,
        290000,
        340000,
        200000,
        150000,
        510000,
        610000,
        350000,
        390000,
        700000,
        450000,
        140000,
        500000,
        650000,
        830000,
        630000,
        290000,
        360000,
        530000,
        210000,
        470000,
        690000,
        680000,
        730000,
        380000,
        160000,
        1020000,
        760000,
        310000,
        380000,
        470000,
        400000,
        700000,
        340000,
        400000,
        440000,
        420000,
        760000,
        490000,
        260000,
        350000,
        450000,
        480000,
        400000,
        560000,
        290000,
        290000,
        240000,
        410000,
        430000,
        450000,
        330000,
        820000,
        530000,
        200000,
        800000,
        320000,
        830000,
        390000,
        660000,
        580000,
        120000,
        310000,
        740000,
        400000,
        480000,
        470000,
        400000,
        430000,
        190000,
        700000,
        670000,
        550000,
        400000,
        680000,
        680000,
        340000,
        710000,
        990000,
        520000,
        770000,
        420000,
        350000,
        320000,
        630000,
        1220000,
        780000,
        470000,
        500000,
        270000,
        410000,
        560000,
        750000,
        470000,
        310000,
        410000,
        200000,
        640000,
        1060000,
        550000,
        360000,
        160000,
        460000,
        450000,
        260000,
        380000,
        350000,
        380000,
        490000,
        170000,
        520000,
        310000,
        200000,
        1330000,
        440000,
        270000,
        280000,
        240000,
        160000,
        740000,
        880000,
        500000,
        400000,
        1050000,
        450000,
        100000,
        620000,
        2460000,
        890000,
        710000,
        490000,
        1080000,
        170000,
        1220000,
        260000,
        1190000,
        730000,
        170000,
        1570000,
        310000,
        290000,
        520000,
        380000,
        190000,
        320000,
        260000,
        400000,
        340000,
        730000,
        800000,
        170000,
        540000,
        580000,
        600000,
        200000,
        660000,
        430000,
        480000,
        330000,
        210000,
        360000,
        310000,
        820000,
        520000,
        350000,
        220000,
        220000,
        310000,
        570000,
        1160000,
        400000,
        530000,
        160000,
        250000,
        980000,
        360000,
        640000,
        1060000,
        690000,
        1680000,
        490000,
        600000,
        310000,
        760000,
        380000,
        280000,
        170000,
        340000,
        570000,
        710000,
        280000,
        230000,
        270000,
        430000,
        290000,
        770000,
        670000,
        160000,
        230000,
        950000,
        800000,
        390000,
        540000,
        180000,
        460000,
        340000,
        210000,
        540000,
        260000,
        870000,
        670000,
        280000,
        390000,
        450000,
        290000,
        1070000,
        280000,
        680000,
        300000,
        600000,
        770000,
        850000,
        470000,
        430000,
        620000,
        210000,
        350000,
        100000,
        1040000,
        210000,
        400000,
        270000,
        150000,
        570000,
        510000,
        570000,
        640000,
        440000,
        320000,
        910000,
        440000,
        610000,
        240000,
        370000,
        170000,
        500000,
        380000,
        420000,
        360000,
        690000,
        220000,
        120000,
        340000,
        280000,
        300000,
        340000,
        700000,
        190000,
        270000,
        330000,
        260000,
        720000,
        260000,
        610000,
        390000,
        570000,
        530000,
        260000,
        770000,
        980000,
        210000,
        100000,
