{
    "avg_flux_time (ns)": 7.114024390243902,
    "err_flux_time (ns)": 0.31682328160429357,
    "flux_times": [
        680000,
        370000,
        590000,
        690000,
        1100000,
        1010000,
        700000,
        890000,
        370000,
        1700000,
        560000,
        1540000,
        940000,
        1240000,
        310000,
        1640000,
        720000,
        750000,
        250000,
        960000,
        440000,
        960000,
        1000000,
        770000,
        720000,
        410000,
        520000,
        380000,
        390000,
        690000,
        810000,
        350000,
        870000,
        1920000,
        420000,
        430000,
        290000,
        640000,
        490000,
        340000,
        550000,
        1170000,
        660000,
        790000,
        360000,
        530000,
        300000,
        1450000,
        410000,
        320000,
        610000,
        680000,
        540000,
        840000,
        430000,
        960000,
        510000,
        1450000,
        620000,
        840000,
        970000,
        420000,
        520000,
        1030000,
        1060000,
        520000,
        590000,
        340000,
        1060000,
        290000,
        330000,
        750000,
        350000,
        300000,
        710000,
        720000,
        1380000,
        490000,
        330000,
        650000,
        900000,
        670000,
        900000,
        720000,
        750000,
        630000,
        360000,
        400000,
        1340000,
        1620000,
        800000,
        220000,
        510000,
        200000,
        490000,
        760000,
        1010000,
        730000,
        840000,
        590000,
        1190000,
        1330000,
        490000,
        260000,
        210000,
        2480000,
        710000,
        1170000,
        300000,
        830000,
        970000,
        380000,
        180000,
        970000,
        970000,
        600000,
        360000,
        390000,
        730000,
        1070000,
        590000,
        990000,
        570000,
        630000,
        510000,
        1520000,
        690000,
        330000,
        370000,
        600000,
        280000,
        450000,
        900000,
        370000,
        790000,
        760000,
        510000,
        1250000,
        180000,
        650000,
        340000,
        280000,
        470000,
        470000,
        1450000,
        1790000,
        90000,
        500000,
        900000,
        400000,
        380000,
        1340000,
        370000,
        200000,
        430000,
        510000,
        1280000,
        1110000,
        390000,
        520000,
        1770000,
        1350000,
        310000,
        370000
    ]
}