{
    "avg_flux_time (ns)": 4.787848101265823,
    "err_flux_time (ns)": 0.1052453344347953,
    "flux_times": [
        720000,
        450000,
        230000,
        370000,
        920000,
        430000,
        330000,
        430000,
        320000,
        630000,
        530000,
        180000,
        150000,
        820000,
        140000,
        750000,
        690000,
        360000,
        220000,
        230000,
        470000,
        200000,
        530000,
        520000,
        450000,
        290000,
        490000,
        510000,
        540000,
        910000,
        920000,
        850000,
        300000,
        850000,
        170000,
        620000,
        420000,
        410000,
        780000,
        330000,
        520000,
        340000,
        970000,
        750000,
        630000,
        420000,
        610000,
        290000,
        690000,
        840000,
        240000,
        910000,
        530000,
        290000,
        310000,
        540000,
        790000,
        1040000,
        320000,
        110000,
        720000,
        600000,
        860000,
        160000,
        870000,
        460000,
        810000,
        520000,
        770000,
        120000,
        520000,
        690000,
        570000,
        360000,
        550000,
        260000,
        430000,
        590000,
        530000,
        180000,
        200000,
        400000,
        500000,
        670000,
        140000,
        160000,
        290000,
        260000,
        360000,
        560000,
        270000,
        170000,
        560000,
        830000,
        330000,
        410000,
        350000,
        710000,
        740000,
        1040000,
        530000,
        400000,
        500000,
        80000,
        1430000,
        340000,
        300000,
        290000,
        100000,
        600000,
        770000,
        760000,
        80000,
        1150000,
        550000,
        810000,
        230000,
        400000,
        430000,
        610000,
        570000,
        810000,
        990000,
        610000,
        440000,
        250000,
        420000,
        480000,
        210000,
        610000,
        850000,
        550000,
        140000,
        160000,
        290000,
        890000,
        370000,
        320000,
        560000,
        760000,
        490000,
        670000,
        640000,
        510000,
        530000,
        840000,
        350000,
        1190000,
        250000,
        480000,
        360000,
        380000,
        220000,
        260000,
        640000,
        210000,
        180000,
        310000,
        240000,
        580000,
        800000,
        460000,
        630000,
        1150000,
        520000,
        570000,
        320000,
        270000,
        270000,
        470000,
        920000,
        380000,
        350000,
        100000,
        360000,
        160000,
        390000,
        620000,
        260000,
        260000,
        190000,
        390000,
        580000,
        330000,
        210000,
        680000,
        290000,
        460000,
        340000,
        640000,
        210000,
        270000,
        740000,
        480000,
        200000,
        330000,
        910000,
        480000,
        380000,
        690000,
        390000,
        410000,
        430000,
        580000,
        400000,
        330000,
        360000,
        630000,
        760000,
        710000,
        430000,
        590000,
        310000,
        410000,
        360000,
        370000,
        160000,
        210000,
        350000,
        230000,
        350000,
        340000,
        360000,
        550000,
        160000,
        240000,
        720000,
        380000,
        310000,
        340000,
        200000,
        630000,
        710000,
        1160000,
        1500000,
        600000,
        500000,
        400000,
        270000,
        120000,
        580000,
        210000,
        400000,
        800000,
        480000,
        910000,
        350000,
        450000,
        740000,
        630000,
        210000,
        120000,
        650000,
        230000,
        120000,
        440000,
        350000,
        180000,
        320000,
        250000,
        900000,
        360000,
        500000,
        920000,
        330000,
        1340000,
        160000,
        300000,
        430000,
        510000,
        520000,
        360000,
        500000,
        970000,
        360000,
        450000,
        1380000,
        320000,
        290000,
        550000,
        570000,
        1130000,
        300000,
        590000,
        350000,
        340000,
        1600000,
        360000,
        960000,
        340000,
        370000,
        540000,
        230000,
        140000,
        910000,
        240000,
        290000,
        110000,
        740000,
        250000,
        490000,
        410000,
        300000,
        370000,
        930000,
        580000,
        460000,
        510000,
        390000,
        440000,
        890000,
        420000,
        170000,
        890000,
        320000,
        20000,
        730000,
        770000,
        480000,
        310000,
        680000,
        1610000,
        140000,
        160000,
        270000,
        340000,
        480000,
        270000,
        260000,
        530000,
        250000,
        770000,
        400000,
        360000,
        1480000,
        320000,
        270000,
        660000,
        310000,
        630000,
        920000,
        320000,
        220000,
        90000,
        190000,
        370000,
        440000,
        160000,
        610000,
        210000,
        570000,
        180000,
        640000,
        1700000,
        250000,
        1120000,
        190000,
        670000,
        1350000,
        290000,
        400000,
        340000,
        130000,
        820000,
        540000,
        500000,
        350000,
        370000,
        580000,
        1080000,
        430000,
        290000,
        260000,
        880000,
        1170000,
        1420000,
        620000,
        1440000,
        380000,
        560000,
        220000,
        270000,
        440000,
        380000,
        160000,
        290000,
        990000,
        490000,
        290000,
        490000,
        190000,
        380000,
        150000,
        210000,
        270000,
        210000,
        180000,
        340000,
        430000,
        380000,
        310000,
        210000,
        520000,
        270000,
        1200000,
        460000,
        90000,
        460000,
        410000,
        200000,
        420000,
        320000,
        690000,
        170000,
        190000,
        330000,
        310000,
        660000,
        130000,
        280000,
        680000,
        730000,
        210000,
        750000,
        980000,
        360000,
        1180000,
        400000,
        260000,
        380000,
        250000,
        810000,
        310000,
        200000,
        420000,
        590000,
        220000,
        750000,
        540000,
        370000,
        480000,
        400000,
        280000,
        1280000,
        1250000,
        140000,
        290000,
        330000,
        810000,
        440000,
        200000,
        130000,
        320000,
        250000,
        760000,
        680000,
        320000,
        220000,
        260000,
        190000,
        270000,
        430000,
        820000,
        800000,
        260000,
        340000,
        210000,
        150000,
        490000,
        310000,
        170000,
        390000,
        570000,
        220000,
        920000,
        600000,
        310000,
        230000,
        250000,
        600000,
        220000,
        190000,
        350000,
        360000,
        930000,
        1300000,
        180000,
        560000,
        330000,
        1310000,
        320000,
