{
    "avg_flux_time (ns)": 11.645161290322582,
    "err_flux_time (ns)": 1.4110077136394585,
    "flux_times": [
        1130000,
        1730000,
        1520000,
        1970000,
        890000,
        660000,
        410000,
        760000,
        1030000,
        1140000,
        540000,
        570000,
        480000,
        880000,
        880000,
        1480000,
        1000000,
        3490000,
        830000,
        410000,
        1070000,
        590000,
        760000,
        3570000,
        690000,
        620000,
        2150000,
        1540000,
        750000,
        720000,
        1840000
    ]
}