{
    "avg_flux_time (ns)": 5.826838235294118,
    "err_flux_time (ns)": 0.14740800459827627,
    "flux_times": [
        690000,
        460000,
        660000,
        740000,
        590000,
        340000,
        310000,
        150000,
        760000,
        210000,
        160000,
        470000,
        420000,
        1000000,
        390000,
        140000,
        520000,
        420000,
        1170000,
        1340000,
        700000,
        610000,
        210000,
        730000,
        1700000,
        520000,
        320000,
        190000,
        850000,
        720000,
        770000,
        280000,
        1120000,
        710000,
        1100000,
        380000,
        310000,
        500000,
        960000,
        900000,
        670000,
        240000,
        900000,
        230000,
        580000,
        620000,
        480000,
        430000,
        250000,
        460000,
        190000,
        720000,
        220000,
        740000,
        1300000,
        490000,
        640000,
        160000,
        680000,
        550000,
        170000,
        310000,
        700000,
        600000,
        1170000,
        500000,
        390000,
        250000,
        230000,
        320000,
        500000,
        1170000,
        670000,
        430000,
        820000,
        180000,
        740000,
        540000,
        570000,
        450000,
        850000,
        780000,
        730000,
        880000,
        170000,
        210000,
        770000,
        720000,
        310000,
        440000,
        230000,
        650000,
        720000,
        210000,
        780000,
        170000,
        820000,
        390000,
        370000,
        880000,
        540000,
        470000,
        670000,
        1040000,
        420000,
        870000,
        330000,
        1100000,
        190000,
        160000,
        420000,
        1840000,
        140000,
        230000,
        120000,
        440000,
        980000,
        310000,
        2610000,
        340000,
        270000,
        320000,
        280000,
        440000,
        170000,
        120000,
        20000,
        170000,
        470000,
        1210000,
        280000,
        440000,
        480000,
        1570000,
        430000,
        110000,
        270000,
        320000,
        740000,
        140000,
        670000,
        960000,
        1050000,
        380000,
        220000,
        440000,
        280000,
        250000,
        740000,
        570000,
        480000,
        240000,
        1290000,
        530000,
        550000,
        490000,
        850000,
        1580000,
        330000,
        1070000,
        370000,
        270000,
        390000,
        390000,
        470000,
        1330000,
        240000,
        750000,
        500000,
        540000,
        520000,
        930000,
        170000,
        690000,
        380000,
        980000,
        420000,
        720000,
        430000,
        1300000,
        270000,
        690000,
        350000,
        480000,
        420000,
        410000,
        430000,
        530000,
        170000,
        510000,
        510000,
        540000,
        190000,
        260000,
        460000,
        530000,
        750000,
        600000,
        810000,
        400000,
        370000,
        310000,
        520000,
        700000,
        320000,
        160000,
        260000,
        540000,
        390000,
        470000,
        450000,
        2340000,
        450000,
        260000,
        250000,
        310000,
        290000,
        650000,
        280000,
        190000,
        760000,
        1400000,
        1640000,
        1260000,
        320000,
        310000,
        720000,
        510000,
        540000,
        470000,
        240000,
        610000,
        270000,
        400000,
        430000,
        500000,
        600000,
        950000,
        350000,
        610000,
        500000,
        210000,
        600000,
        650000,
        380000,
        790000,
        230000,
        260000,
        170000,
        290000,
        1070000,
        450000,
        500000,
        360000,
        620000,
        920000,
        1030000,
        430000,
        1180000,
        350000,
        880000,
        420000,
        700000,
        1520000,
        450000,
        650000,
        1160000,
        390000,
        1670000,
        830000,
        710000,
        530000,
        360000,
        410000,
        400000,
        740000,
        170000,
        980000,
        870000,
        360000,
        1290000,
        500000,
        200000,
        1080000,
        410000,
        170000,
        330000,
        440000,
        790000,
        870000,
        450000,
        850000,
        980000,
        800000,
        570000,
        680000,
        300000,
        2030000,
        680000,
        590000,
        560000,
        430000,
        970000,
        220000,
        420000,
        300000,
        870000,
        1500000,
        580000,
        710000,
        350000,
        970000,
        530000,
        330000,
        680000,
        490000,
        390000,
        560000,
        480000,
        780000,
        730000,
        600000,
        1000000,
        330000,
        1270000,
        600000,
        860000,
        410000,
        300000,
        530000,
        290000,
        170000,
        350000,
        220000,
        230000,
        470000,
        390000,
        550000,
        420000,
        460000,
        1340000,
        450000,
        810000,
        840000,
        320000,
        160000,
        160000,
        710000,
        440000,
        1320000,
        530000,
        440000,
        860000,
        1040000,
        280000,
        210000,
        750000,
        650000,
        880000,
        700000,
        860000,
        440000,
        380000,
        300000,
        570000,
        620000,
        630000,
        640000,
        330000,
        420000,
        680000,
        360000,
        490000,
        410000,
        680000,
        340000,
        1060000,
        370000,
        980000,
        590000,
        590000,
        320000,
        550000,
        460000,
        330000,
        850000,
        790000,
        420000,
        320000,
        440000,
        540000,
        790000,
        200000,
        470000,
        460000,
        520000,
        470000,
        370000,
        630000,
        480000,
        370000,
        160000,
        380000,
        690000,
        200000,
        570000,
        780000,
        260000,
        270000,
        400000,
        980000,
        1130000,
        370000,
        1330000,
        510000,
        330000,
        1440000,
        390000,
        230000,
        370000,
        570000,
        250000,
        380000,
        330000,
        730000,
        190000,
        1290000,
        550000,
        1010000,
        880000,
        460000,
        1030000,
        170000,
        640000,
        320000,
        1170000,
        600000,
        200000,
        850000,
        530000,
        390000,
        960000,
        1440000,
        190000,
        400000,
        690000,
        530000,
        490000,
        690000,
        990000,
        370000,
        370000,
        840000,
        260000,
        800000,
        330000,
        810000,
        730000,
        460000,
        820000,
        580000,
        410000,
        270000,
        120000,
        290000,
        300000,
        210000,
        380000,
        580000,
        770000,
        700000,
        560000,
        280000,
        500000,
        400000,
        870000,
        1580000,
        1090000,
        910000,
        290000,
        1160000,
        420000,
        530000,
        680000,
        500000,
        300000,
        750000,
        610000,
        660000,
