{
    "avg_flux_time (ns)": 12.367857142857144,
    "err_flux_time (ns)": 1.7054383412343226,
    "flux_times": [
        560000,
        510000,
        4090000,
        1020000,
        1170000,
        1900000,
        1860000,
        310000,
        1270000,
        1470000,
        880000,
        640000,
        210000,
        310000,
        1350000,
        820000,
        510000,
        1050000,
        750000,
        3090000,
        1270000,
        3030000,
        1390000,
        580000,
        650000,
        1610000,
        960000,
        1370000
    ]
}