{
    "avg_flux_time (ns)": 10.505128205128205,
    "err_flux_time (ns)": 0.48899533595760025,
    "flux_times": [
        780000,
        690000,
        1780000,
        1450000,
        600000,
        780000,
        570000,
        640000,
        320000,
        1350000,
        470000,
        860000,
        930000,
        460000,
        1380000,
        670000,
        700000,
        980000,
        2070000,
        740000,
        680000,
        430000,
        1270000,
        850000,
        350000,
        590000,
        1080000,
        2930000,
        1470000,
        2050000,
        1010000,
        380000,
        190000,
        1080000,
        1870000,
        1690000,
        600000,
        600000,
        1310000,
        1420000,
        510000,
        840000,
        1790000,
        750000,
        2270000,
        580000,
        560000,
        1630000,
        3570000,
        520000,
        1780000,
        330000,
        780000,
        1440000,
        480000,
        1420000,
        430000,
        1250000,
        640000,
        2140000,
        520000,
        830000,
        650000,
        790000,
        1280000,
        1110000,
        2660000,
        1550000,
        1350000,
        1810000,
        390000,
        720000,
        510000,
        1080000,
        2100000,
        280000,
        1690000,
        1560000,
        700000,
        2130000,
        900000,
        520000,
        880000,
        470000,
        750000,
        1310000,
        450000,
        630000,
        750000,
        900000,
        1340000,
        1600000,
        1160000,
        890000,
        610000,
        560000,
        970000,
        1180000,
        330000,
        1000000,
        1230000,
        470000,
        1820000,
        750000,
        870000,
        700000,
        520000,
        1420000,
        1630000,
        390000,
        1520000,
        610000,
        2280000,
        660000,
        1040000,
        1700000,
        170000,
        950000,
        1030000,
        400000,
        440000,
        1280000,
        950000,
        530000,
        1690000,
        440000,
        230000,
        1340000,
        2270000,
        580000,
        1690000,
        2000000,
        1980000,
        1550000,
        580000,
        370000,
        830000,
        940000,
        520000,
        3430000,
        510000,
        810000,
        730000,
        760000,
        1650000,
        3380000,
        820000,
        3460000,
        420000,
        900000,
        500000,
        1510000,
        1140000,
        1200000,
        1500000,
        1080000,
        310000,
        3860000,
        1300000,
        1020000,
        970000,
        460000,
        620000,
        470000,
        800000,
        570000,
        370000,
        2730000,
        830000,
        1030000,
        1880000,
        1550000,
        1130000,
        980000,
        1860000,
        610000,
        380000,
        410000,
        470000,
        520000,
        510000,
        430000,
        1030000,
        660000,
        580000,
        410000,
        530000,
        620000,
        1020000,
        750000,
        430000,
        1630000,
        860000,
        260000,
        1140000
    ]
}