{
    "Y34S116_G10_k0.0": {
        "a": 14274.093605641694,
        "b": 0.3490138126820645
    },
    "Y34S116_G10_k1.5": {
        "a": 14468.214592324226,
        "b": 0.3481977460368551
    },
    "Y34S116_G10_k3.0": {
        "a": 14509.211509618679,
        "b": 0.35113845636818286
    },
    "Y34S116_G20_k0.0": {
        "a": 11939.840674730582,
        "b": 0.3471733372920449
    },
    "Y34S116_G20_k1.5": {
        "a": 11499.419130920154,
        "b": 0.34357168084831374
    },
    "Y34S116_G20_k3.0": {
        "a": 12021.93122364268,
        "b": 0.35155361550689085
    },
    "Y34S116_G30_k0.0": {
        "a": 10414.34384158249,
        "b": 0.35237639970688195
    },
    "Y34S116_G30_k1.5": {
        "a": 10641.06482659263,
        "b": 0.33578978936495846
    },
    "Y34S116_G30_k3.0": {
        "a": 10220.19065280223,
        "b": 0.35335730223518197
    },
    "Y35S115_G10_k0.0": {
        "a": 14448.572435953214,
        "b": 0.2893109693479177
    },
    "Y35S115_G10_k1.5": {
        "a": 14598.618850859233,
        "b": 0.31180396664420446
    },
    "Y35S115_G10_k3.0": {
        "a": 14223.048846508807,
        "b": 0.32696390937775993
    },
    "Y35S115_G20_k0.0": {
        "a": 11295.940913384737,
        "b": 0.3479844444784177
    },
    "Y35S115_G20_k1.5": {
        "a": 11629.018639411172,
        "b": 0.32114915599383925
    },
    "Y35S115_G20_k3.0": {
        "a": 11816.099576228771,
        "b": 0.3263055929819675
    },
    "Y35S115_G30_k0.0": {
        "a": 10316.908944618175,
        "b": 0.28249689754613133
    },
    "Y35S115_G30_k1.5": {
        "a": 10558.157670278528,
        "b": 0.303412025482372
    },
    "Y35S115_G30_k3.0": {
        "a": 11580.689344877454,
        "b": 0.2902230782645714
    },
    "Y36S114_G10_k0.0": {
        "a": 13590.539486372812,
        "b": 0.3396127770714576
    },
    "Y36S114_G10_k1.5": {
        "a": 13616.182660090642,
        "b": 0.34934784738678687
    },
    "Y36S114_G10_k3.0": {
        "a": 13920.149810705912,
        "b": 0.3366505522199185
    },
    "Y36S114_G20_k0.0": {
        "a": 10996.815586181887,
        "b": 0.3751979983450291
    },
    "Y36S114_G20_k1.5": {
        "a": 11319.743389626658,
        "b": 0.35908374396327597
    },
    "Y36S114_G20_k3.0": {
        "a": 11879.083308890626,
        "b": 0.36595611507701925
    },
    "Y36S114_G30_k0.0": {
        "a": 9208.367241930122,
        "b": 0.3354976759261777
    },
    "Y36S114_G30_k1.5": {
        "a": 8992.521479177882,
        "b": 0.357172675541921
    },
    "Y36S114_G30_k3.0": {
        "a": 9887.473758581033,
        "b": 0.3328760653092034
    },
    "Y37S113_G10_k0.0": {
        "a": 12972.61034193938,
        "b": 0.37384815330016885
    },
    "Y37S113_G10_k1.5": {
        "a": 13113.145886730588,
        "b": 0.3578519882620049
    },
    "Y37S113_G10_k3.0": {
        "a": 12954.098969433113,
        "b": 0.35890856952971817
    },
    "Y37S113_G20_k0.0": {
        "a": 10213.418658788642,
        "b": 0.3475311536569505
    },
    "Y37S113_G20_k1.5": {
        "a": 10076.058764160884,
        "b": 0.3423137868537754
    },
    "Y37S113_G20_k3.0": {
        "a": 10778.164178137715,
        "b": 0.37720317572506107
    },
    "Y37S113_G30_k0.0": {
        "a": 8779.971496866261,
        "b": 0.3483494932271992
    },
    "Y37S113_G30_k1.5": {
        "a": 8913.723367441764,
        "b": 0.326382138491797
    },
    "Y37S113_G30_k3.0": {
        "a": 9108.77072485994,
        "b": 0.334513786911451
    },
    "Y38S112_G10_k0.0": {
        "a": 12302.628697382332,
        "b": 0.3747449747263786
    },
    "Y38S112_G10_k1.5": {
        "a": 12536.765298845043,
        "b": 0.3689445787588066
    },
    "Y38S112_G10_k3.0": {
        "a": 12763.161228529554,
        "b": 0.3688241085121613
    },
    "Y38S112_G20_k0.0": {
        "a": 10076.427734264747,
        "b": 0.3540976366088558
    },
    "Y38S112_G20_k1.5": {
        "a": 9823.610680267298,
        "b": 0.35639851461553756
    },
    "Y38S112_G20_k3.0": {
        "a": 10397.929882850041,
        "b": 0.34536294732471695
    },
    "Y38S112_G30_k0.0": {
        "a": 8232.420818929693,
        "b": 0.4039544589909588
    },
    "Y38S112_G30_k1.5": {
        "a": 9032.049150760164,
        "b": 0.3712235951041087
    },
    "Y38S112_G30_k3.0": {
        "a": 10034.72168391705,
        "b": 0.35979940087085593
    },
    "Y1S3-36_S6_G10_k0.0": {
        "a": 13235.24798264648,
        "b": 0.352803202544689
    },
    "Y1S3-36_S6_G10_k1.5": {
        "a": 13436.097790565198,
        "b": 0.35154277335679435
    },
    "Y1S3-36_S6_G10_k3.0": {
        "a": 13862.17253913237,
        "b": 0.36799779811253336
    },
    "Y1S3-36_S6_G20_k0.0": {
        "a": 10447.349724995569,
        "b": 0.34631905957462145
    },
    "Y1S3-36_S6_G20_k1.5": {
        "a": 9759.053902176718,
        "b": 0.3765159228893842
    },
    "Y1S3-36_S6_G20_k3.0": {
        "a": 11054.652541447549,
        "b": 0.3743105882129934
    },
    "Y1S3-36_S6_G30_k0.0": {
        "a": 9591.24670540984,
        "b": 0.38052543408130896
    },
    "Y1S3-36_S6_G30_k1.5": {
        "a": 10045.754090337816,
        "b": 0.30295184927143365
    },
    "Y1S3-36_S6_G30_k3.0": {
        "a": 10069.73197905554,
        "b": 0.33693546813339753
    },
    "Y3S9-12_S6_G10_k0.0": {
        "a": 14220.126062998315,
        "b": 0.32497475820996924
    },
    "Y3S9-12_S6_G10_k1.5": {
        "a": 14317.410756108557,
        "b": 0.32462517059507673
    },
    "Y3S9-12_S6_G10_k3.0": {
        "a": 14225.41762366928,
        "b": 0.3377098941111293
    },
    "Y3S9-12_S6_G20_k0.0": {
        "a": 11629.181622521126,
        "b": 0.34460518014952685
    },
    "Y3S9-12_S6_G20_k1.5": {
        "a": 11092.19493284198,
        "b": 0.3547402585670869
    },
    "Y3S9-12_S6_G20_k3.0": {
        "a": 11635.327150012617,
        "b": 0.34565514983204204
    },
    "Y3S9-12_S6_G30_k0.0": {
        "a": 9774.276608259084,
        "b": 0.32146120377566506
    },
    "Y3S9-12_S6_G30_k1.5": {
        "a": 10154.555471580166,
        "b": 0.3054696895053905
    },
    "Y3S9-12_S6_G30_k3.0": {
        "a": 10331.691046680484,
        "b": 0.31921814273453736
    },
    "Y4S12-9_S6_G10_k0.0": {
        "a": 16011.54722757419,
        "b": 0.3053057262097954
    },
    "Y4S12-9_S6_G10_k1.5": {
        "a": 14898.23065437577,
        "b": 0.32287789425774527
    },
    "Y4S12-9_S6_G10_k3.0": {
        "a": 14949.129558396828,
        "b": 0.28958040880750857
    },
    "Y4S12-9_S6_G20_k0.0": {
        "a": 13019.33394995553,
        "b": 0.29342985554711654
    },
    "Y4S12-9_S6_G20_k1.5": {
        "a": 12042.738576230435,
        "b": 0.32312531067671374
    },
    "Y4S12-9_S6_G20_k3.0": {
        "a": 12540.020876252318,
        "b": 0.30580991476522357
    },
    "Y4S12-9_S6_G30_k0.0": {
        "a": 11196.294280168826,
        "b": 0.2793085633106378
    },
    "Y4S12-9_S6_G30_k1.5": {
        "a": 10396.370576532096,
        "b": 0.2783310973946456
    },
    "Y4S12-9_S6_G30_k3.0": {
        "a": 10755.917265172877,
        "b": 0.28892438816322685
    }
}